{
  "namespace": "pneuhage.ecommerce.token.gen.app",
  "definitions": {
    "pneuhage.ecommerce.token.gen.app.APIKey": {
      "kind": "entity",
      "elements": {
        "ID": {
          "key": true,
          "type": "cds.UUID"
        },
        "apiKey": {
          "type": "cds.String",
          "length": 32
        },
        "createdAt": {
          "type": "cds.Timestamp"
        },
        "debitor": {
          "@Updatability": {
            "#": "ReadWrite"
          },
          "type": "cds.String",
          "length": 255
        },
        "Textfield": {
          "@Updatability": {
            "#": "ReadWrite"
          },
          "type": "cds.String",
          "length": 255
        }
      }
    },
    "APIKeyService": {
      "@source": "srv/api-key-service.cds",
      "kind": "service"
    },
    "APIKeyService.generateAPIKey": {
      "kind": "action",
      "returns": {
        "type": "cds.String"
      }
    },
    "APIKeyService.validateAPIKey": {
      "kind": "action",
      "params": {
        "apiKey": {
          "elements": {
            "value": {
              "type": "cds.String"
            }
          }
        }
      },
      "returns": {
        "elements": {
          "valid": {
            "type": "cds.Boolean"
          },
          "debitor": {
            "type": "cds.String"
          },
          "Textfield": {
            "type": "cds.String"
          },
          "createdAt": {
            "type": "cds.Timestamp"
          }
        }
      }
    },
    "APIKeyService.APIKeys": {
      "kind": "entity",
      "@Capabilities.InsertRestrictions.$Type": "Capabilities.InsertRestrictionsType",
      "@Capabilities.InsertRestrictions.Insertable": true,
      "@Capabilities.UpdateRestrictions.$Type": "Capabilities.UpdateRestrictionsType",
      "@Capabilities.UpdateRestrictions.Updatable": true,
      "@Capabilities.DeleteRestrictions.$Type": "Capabilities.DeleteRestrictionsType",
      "@Capabilities.DeleteRestrictions.Deletable": true,
      "@odata.draft.enabled": true,
      "@UI.FieldGroup#GeneratedGroup.$Type": "UI.FieldGroupType",
      "@UI.FieldGroup#GeneratedGroup.Data": [],
      "@UI.Facets": [
        {
          "$Type": "UI.ReferenceFacet",
          "Label": "Details",
          "ID": "Details",
          "Target": "@UI.FieldGroup#Details"
        }
      ],
      "@UI.LineItem": [
        {
          "$Type": "UI.DataField",
          "Label": "{@i18n>apiKey}",
          "Value": {
            "=": "apiKey"
          },
          "@UI.Importance": {
            "#": "High"
          }
        },
        {
          "$Type": "UI.DataField",
          "Label": "{@i18n>createdAt}",
          "Value": {
            "=": "createdAt"
          },
          "@UI.Importance": {
            "#": "High"
          }
        },
        {
          "$Type": "UI.DataField",
          "Label": "Debitor",
          "Value": {
            "=": "debitor"
          },
          "@UI.Importance": {
            "#": "High"
          }
        },
        {
          "$Type": "UI.DataField",
          "Label": "{@i18n>FreeText}",
          "Value": {
            "=": "Textfield"
          },
          "@UI.Importance": {
            "#": "High"
          }
        }
      ],
      "@UI.HeaderInfo.TypeImageUrl": "sap-icon://key",
      "@UI.HeaderInfo.TypeName": "",
      "@UI.HeaderInfo.TypeNamePlural": "",
      "@UI.HeaderInfo.Title.$Type": "UI.DataField",
      "@UI.HeaderInfo.Title.Value": {
        "=": "Textfield"
      },
      "@UI.FieldGroup#Details.$Type": "UI.FieldGroupType",
      "@UI.FieldGroup#Details.Data": [
        {
          "$Type": "UI.DataField",
          "Label": "{@i18n>apiKey}",
          "Value": {
            "=": "apiKey"
          }
        },
        {
          "$Type": "UI.DataField",
          "Label": "{@i18n>createdAt}",
          "Value": {
            "=": "createdAt"
          }
        },
        {
          "$Type": "UI.DataField",
          "Label": "Debitor",
          "Value": {
            "=": "debitor"
          }
        },
        {
          "$Type": "UI.DataField",
          "Label": "{@i18n>FreeText}",
          "Value": {
            "=": "Textfield"
          }
        }
      ],
      "projection": {
        "from": {
          "ref": [
            "pneuhage.ecommerce.token.gen.app.APIKey"
          ]
        }
      },
      "elements": {
        "ID": {
          "key": true,
          "type": "cds.UUID"
        },
        "apiKey": {
          "@Common.FieldControl": {
            "#": "ReadOnly"
          },
          "type": "cds.String",
          "length": 32
        },
        "createdAt": {
          "@Common.FieldControl": {
            "#": "ReadOnly"
          },
          "type": "cds.Timestamp"
        },
        "debitor": {
          "@Common.FieldControl": {
            "#": "Mandatory"
          },
          "@UI.Placeholder": "SAP Debitor eingaben",
          "@Updatability": {
            "#": "ReadWrite"
          },
          "type": "cds.String",
          "length": 255
        },
        "Textfield": {
          "@Common.FieldControl": {
            "#": "Mandatory"
          },
          "@UI.Placeholder": "Firma / Ansprechpartner eingeben",
          "@Updatability": {
            "#": "ReadWrite"
          },
          "type": "cds.String",
          "length": 255
        }
      }
    }
  },
  "meta": {
    "creator": "CDS Compiler v5.4.2",
    "flavor": "inferred"
  },
  "$version": "2.0"
}