<?xml version="1.0" encoding="utf-8"?>
<edmx:Edmx Version="4.0" xmlns:edmx="http://docs.oasis-open.org/odata/ns/edmx">
  <edmx:Reference Uri="https://oasis-tcs.github.io/odata-vocabularies/vocabularies/Org.OData.Capabilities.V1.xml">
    <edmx:Include Alias="Capabilities" Namespace="Org.OData.Capabilities.V1"/>
  </edmx:Reference>
  <edmx:Reference Uri="https://sap.github.io/odata-vocabularies/vocabularies/Common.xml">
    <edmx:Include Alias="Common" Namespace="com.sap.vocabularies.Common.v1"/>
  </edmx:Reference>
  <edmx:Reference Uri="https://oasis-tcs.github.io/odata-vocabularies/vocabularies/Org.OData.Core.V1.xml">
    <edmx:Include Alias="Core" Namespace="Org.OData.Core.V1"/>
  </edmx:Reference>
  <edmx:Reference Uri="https://sap.github.io/odata-vocabularies/vocabularies/UI.xml">
    <edmx:Include Alias="UI" Namespace="com.sap.vocabularies.UI.v1"/>
  </edmx:Reference>
  <edmx:DataServices>
    <Schema Namespace="APIKeyService" xmlns="http://docs.oasis-open.org/odata/ns/edm">
      <Annotation Term="Core.Links">
        <Collection>
          <Record>
            <PropertyValue Property="rel" String="author"/>
            <PropertyValue Property="href" String="https://cap.cloud.sap"/>
          </Record>
        </Collection>
      </Annotation>
      <EntityContainer Name="EntityContainer">
        <EntitySet Name="APIKeys" EntityType="APIKeyService.APIKeys">
          <NavigationPropertyBinding Path="SiblingEntity" Target="APIKeys"/>
        </EntitySet>
        <ActionImport Name="generateAPIKey" Action="APIKeyService.generateAPIKey"/>
        <ActionImport Name="validateAPIKey" Action="APIKeyService.validateAPIKey"/>
      </EntityContainer>
      <EntityType Name="APIKeys">
        <Key>
          <PropertyRef Name="ID"/>
          <PropertyRef Name="IsActiveEntity"/>
        </Key>
        <Property Name="ID" Type="Edm.Guid" Nullable="false"/>
        <Property Name="apiKey" Type="Edm.String" MaxLength="32"/>
        <Property Name="createdAt" Type="Edm.DateTimeOffset" Precision="7"/>
        <Property Name="debitor" Type="Edm.String" MaxLength="255"/>
        <Property Name="Textfield" Type="Edm.String" MaxLength="255"/>
        <Property Name="IsActiveEntity" Type="Edm.Boolean" Nullable="false" DefaultValue="true"/>
        <Property Name="HasActiveEntity" Type="Edm.Boolean" Nullable="false" DefaultValue="false"/>
        <Property Name="HasDraftEntity" Type="Edm.Boolean" Nullable="false" DefaultValue="false"/>
        <NavigationProperty Name="DraftAdministrativeData" Type="APIKeyService.DraftAdministrativeData" ContainsTarget="true"/>
        <NavigationProperty Name="SiblingEntity" Type="APIKeyService.APIKeys"/>
      </EntityType>
      <EntityType Name="DraftAdministrativeData">
        <Key>
          <PropertyRef Name="DraftUUID"/>
        </Key>
        <Property Name="DraftUUID" Type="Edm.Guid" Nullable="false"/>
        <Property Name="CreationDateTime" Type="Edm.DateTimeOffset" Precision="7"/>
        <Property Name="CreatedByUser" Type="Edm.String" MaxLength="256"/>
        <Property Name="DraftIsCreatedByMe" Type="Edm.Boolean"/>
        <Property Name="LastChangeDateTime" Type="Edm.DateTimeOffset" Precision="7"/>
        <Property Name="LastChangedByUser" Type="Edm.String" MaxLength="256"/>
        <Property Name="InProcessByUser" Type="Edm.String" MaxLength="256"/>
        <Property Name="DraftIsProcessedByMe" Type="Edm.Boolean"/>
      </EntityType>
      <ComplexType Name="return_APIKeyService_validateAPIKey">
        <Property Name="valid" Type="Edm.Boolean"/>
        <Property Name="debitor" Type="Edm.String"/>
        <Property Name="Textfield" Type="Edm.String"/>
        <Property Name="createdAt" Type="Edm.DateTimeOffset" Precision="7"/>
      </ComplexType>
      <ComplexType Name="ap_APIKeyService_validateAPIKey_apiKey">
        <Property Name="value" Type="Edm.String"/>
      </ComplexType>
      <Action Name="draftPrepare" IsBound="true" EntitySetPath="in">
        <Parameter Name="in" Type="APIKeyService.APIKeys"/>
        <Parameter Name="SideEffectsQualifier" Type="Edm.String"/>
        <ReturnType Type="APIKeyService.APIKeys"/>
      </Action>
      <Action Name="draftActivate" IsBound="true" EntitySetPath="in">
        <Parameter Name="in" Type="APIKeyService.APIKeys"/>
        <ReturnType Type="APIKeyService.APIKeys"/>
      </Action>
      <Action Name="draftEdit" IsBound="true" EntitySetPath="in">
        <Parameter Name="in" Type="APIKeyService.APIKeys"/>
        <Parameter Name="PreserveChanges" Type="Edm.Boolean"/>
        <ReturnType Type="APIKeyService.APIKeys"/>
      </Action>
      <Action Name="generateAPIKey" IsBound="false">
        <ReturnType Type="Edm.String"/>
      </Action>
      <Action Name="validateAPIKey" IsBound="false">
        <Parameter Name="apiKey" Type="APIKeyService.ap_APIKeyService_validateAPIKey_apiKey"/>
        <ReturnType Type="APIKeyService.return_APIKeyService_validateAPIKey"/>
      </Action>
      <Annotations Target="APIKeyService.APIKeys">
        <Annotation Term="UI.FieldGroup" Qualifier="GeneratedGroup">
          <Record Type="UI.FieldGroupType">
            <PropertyValue Property="Data">
              <Collection/>
            </PropertyValue>
          </Record>
        </Annotation>
        <Annotation Term="UI.Facets">
          <Collection>
            <Record Type="UI.ReferenceFacet">
              <PropertyValue Property="Label" String="Details"/>
              <PropertyValue Property="ID" String="Details"/>
              <PropertyValue Property="Target" AnnotationPath="@UI.FieldGroup#Details"/>
            </Record>
          </Collection>
        </Annotation>
        <Annotation Term="UI.LineItem">
          <Collection>
            <Record Type="UI.DataField">
              <PropertyValue Property="Label" String="{@i18n>apiKey}"/>
              <PropertyValue Property="Value" Path="apiKey"/>
              <Annotation Term="UI.Importance" EnumMember="UI.ImportanceType/High"/>
            </Record>
            <Record Type="UI.DataField">
              <PropertyValue Property="Label" String="{@i18n>createdAt}"/>
              <PropertyValue Property="Value" Path="createdAt"/>
              <Annotation Term="UI.Importance" EnumMember="UI.ImportanceType/High"/>
            </Record>
            <Record Type="UI.DataField">
              <PropertyValue Property="Label" String="Debitor"/>
              <PropertyValue Property="Value" Path="debitor"/>
              <Annotation Term="UI.Importance" EnumMember="UI.ImportanceType/High"/>
            </Record>
            <Record Type="UI.DataField">
              <PropertyValue Property="Label" String="{@i18n>FreeText}"/>
              <PropertyValue Property="Value" Path="Textfield"/>
              <Annotation Term="UI.Importance" EnumMember="UI.ImportanceType/High"/>
            </Record>
          </Collection>
        </Annotation>
        <Annotation Term="UI.HeaderInfo">
          <Record Type="UI.HeaderInfoType">
            <PropertyValue Property="TypeImageUrl" String="sap-icon://key"/>
            <PropertyValue Property="TypeName" String=""/>
            <PropertyValue Property="TypeNamePlural" String=""/>
            <PropertyValue Property="Title">
              <Record Type="UI.DataField">
                <PropertyValue Property="Value" Path="Textfield"/>
              </Record>
            </PropertyValue>
          </Record>
        </Annotation>
        <Annotation Term="UI.FieldGroup" Qualifier="Details">
          <Record Type="UI.FieldGroupType">
            <PropertyValue Property="Data">
              <Collection>
                <Record Type="UI.DataField">
                  <PropertyValue Property="Label" String="{@i18n>apiKey}"/>
                  <PropertyValue Property="Value" Path="apiKey"/>
                </Record>
                <Record Type="UI.DataField">
                  <PropertyValue Property="Label" String="{@i18n>createdAt}"/>
                  <PropertyValue Property="Value" Path="createdAt"/>
                </Record>
                <Record Type="UI.DataField">
                  <PropertyValue Property="Label" String="Debitor"/>
                  <PropertyValue Property="Value" Path="debitor"/>
                </Record>
                <Record Type="UI.DataField">
                  <PropertyValue Property="Label" String="{@i18n>FreeText}"/>
                  <PropertyValue Property="Value" Path="Textfield"/>
                </Record>
              </Collection>
            </PropertyValue>
          </Record>
        </Annotation>
      </Annotations>
      <Annotations Target="APIKeyService.EntityContainer/APIKeys">
        <Annotation Term="Capabilities.InsertRestrictions">
          <Record Type="Capabilities.InsertRestrictionsType">
            <PropertyValue Property="Insertable" Bool="true"/>
          </Record>
        </Annotation>
        <Annotation Term="Capabilities.UpdateRestrictions">
          <Record Type="Capabilities.UpdateRestrictionsType">
            <PropertyValue Property="Updatable" Bool="true"/>
          </Record>
        </Annotation>
        <Annotation Term="Capabilities.DeleteRestrictions">
          <Record Type="Capabilities.DeleteRestrictionsType">
            <PropertyValue Property="Deletable" Bool="true"/>
          </Record>
        </Annotation>
        <Annotation Term="Common.DraftRoot">
          <Record Type="Common.DraftRootType">
            <PropertyValue Property="ActivationAction" String="APIKeyService.draftActivate"/>
            <PropertyValue Property="EditAction" String="APIKeyService.draftEdit"/>
            <PropertyValue Property="PreparationAction" String="APIKeyService.draftPrepare"/>
          </Record>
        </Annotation>
      </Annotations>
      <Annotations Target="APIKeyService.APIKeys/ID">
        <Annotation Term="Core.ComputedDefaultValue" Bool="true"/>
      </Annotations>
      <Annotations Target="APIKeyService.APIKeys/apiKey">
        <Annotation Term="Common.FieldControl" EnumMember="Common.FieldControlType/ReadOnly"/>
      </Annotations>
      <Annotations Target="APIKeyService.APIKeys/createdAt">
        <Annotation Term="Common.FieldControl" EnumMember="Common.FieldControlType/ReadOnly"/>
      </Annotations>
      <Annotations Target="APIKeyService.APIKeys/debitor">
        <Annotation Term="Common.FieldControl" EnumMember="Common.FieldControlType/Mandatory"/>
        <Annotation Term="UI.Placeholder" String="SAP Debitor eingaben"/>
      </Annotations>
      <Annotations Target="APIKeyService.APIKeys/Textfield">
        <Annotation Term="Common.FieldControl" EnumMember="Common.FieldControlType/Mandatory"/>
        <Annotation Term="UI.Placeholder" String="Firma / Ansprechpartner eingeben"/>
      </Annotations>
      <Annotations Target="APIKeyService.APIKeys/IsActiveEntity">
        <Annotation Term="UI.Hidden" Bool="true"/>
      </Annotations>
      <Annotations Target="APIKeyService.APIKeys/HasActiveEntity">
        <Annotation Term="UI.Hidden" Bool="true"/>
      </Annotations>
      <Annotations Target="APIKeyService.APIKeys/HasDraftEntity">
        <Annotation Term="UI.Hidden" Bool="true"/>
      </Annotations>
      <Annotations Target="APIKeyService.APIKeys/DraftAdministrativeData">
        <Annotation Term="UI.Hidden" Bool="true"/>
      </Annotations>
      <Annotations Target="APIKeyService.DraftAdministrativeData">
        <Annotation Term="Common.Label" String="{i18n>Draft_DraftAdministrativeData}"/>
      </Annotations>
      <Annotations Target="APIKeyService.DraftAdministrativeData/DraftUUID">
        <Annotation Term="UI.Hidden" Bool="true"/>
        <Annotation Term="Common.Label" String="{i18n>Draft_DraftUUID}"/>
        <Annotation Term="Core.ComputedDefaultValue" Bool="true"/>
      </Annotations>
      <Annotations Target="APIKeyService.DraftAdministrativeData/CreationDateTime">
        <Annotation Term="Common.Label" String="{i18n>Draft_CreationDateTime}"/>
      </Annotations>
      <Annotations Target="APIKeyService.DraftAdministrativeData/CreatedByUser">
        <Annotation Term="Common.Label" String="{i18n>Draft_CreatedByUser}"/>
      </Annotations>
      <Annotations Target="APIKeyService.DraftAdministrativeData/DraftIsCreatedByMe">
        <Annotation Term="UI.Hidden" Bool="true"/>
        <Annotation Term="Common.Label" String="{i18n>Draft_DraftIsCreatedByMe}"/>
      </Annotations>
      <Annotations Target="APIKeyService.DraftAdministrativeData/LastChangeDateTime">
        <Annotation Term="Common.Label" String="{i18n>Draft_LastChangeDateTime}"/>
      </Annotations>
      <Annotations Target="APIKeyService.DraftAdministrativeData/LastChangedByUser">
        <Annotation Term="Common.Label" String="{i18n>Draft_LastChangedByUser}"/>
      </Annotations>
      <Annotations Target="APIKeyService.DraftAdministrativeData/InProcessByUser">
        <Annotation Term="Common.Label" String="{i18n>Draft_InProcessByUser}"/>
      </Annotations>
      <Annotations Target="APIKeyService.DraftAdministrativeData/DraftIsProcessedByMe">
        <Annotation Term="UI.Hidden" Bool="true"/>
        <Annotation Term="Common.Label" String="{i18n>Draft_DraftIsProcessedByMe}"/>
      </Annotations>
    </Schema>
  </edmx:DataServices>
</edmx:Edmx>