{
  "authenticationMethod": "none",
  "routes": [
    {
      "source": "^(.*)$",
      "target": "$1",
      "service": "html5-apps-repo-rt",
      "authenticationType": "none"
    },
    {
      "source": "^/service/(.*)$",
      "destination": "srv-api",
      "csrfProtection": false
    },
    {
      "source": "^(.*)$",
      "target": "$1",
      "localDir": "app",
      "authenticationType": "none"
    },
    {
      "source": "^/?odata/(.*)$",
      "target": "/odata/$1",
      "destination": "srv-api",
      "csrfProtection": true
    }
  ]
}
